player,before_Team,new_team
Zvonimir Ivisic,Arkansas,Illinois Fighting Illini
Andrej Stojakovic,California,Illinois Fighting Illini
Noah Shelby,Kansas,Texas A&M Aggies
Ivan Matlekovic,High Point,North Carolina Tar Heels
Keonte Jones,California State University Northridge,Dayton Flyers
James Evans,UNLV,California State University Northridge Matadors
CJ Hines,Alabama State,Temple Owls
Spencer Mahoney,California,Temple Owls
Derrian Ford,Arkansas State,Temple Owls
Gavin Griffiths,Nebraska,Temple Owls
Jordan Mason,Illinois Chicago,Temple Owls
Masiah Gilyard,Manhattan College,Temple Owls
AJ Smith,College of Charleston,Temple Owls
Elijah Gray,Temple,Wisconsin Badgers
Jamir Simpson,Southern Utah,UTSA Roadrunners
EJ Neal,Sacramento State,USC Trojans
Macaleab Rich,Kansas State,UTSA Roadrunners
Alec Millender,Indiana University   Indianapolis,Connecticut Huskies
Dwayne Koroma,Le Moyne College,Connecticut Huskies
Silas Demary Jr.,Georgia,Connecticut Huskies
Malachi Smith,Dayton,Connecticut Huskies
JJ Taylor,UCF,Northern Illinois Huskies
Darren Buchanan Jr.,George Washington University,Rutgers Scarlet Knights
Baye Fall,Kansas State,Rutgers Scarlet Knights
Tariq Francis,New Jersey Institute of Technology,Rutgers Scarlet Knights
Bradley Ezewiro,UAB,San Diego Toreros
Desmond Claude,USC,Washington Huskies
Shahid Muhammad,Massachusetts,Florida State Seminoles
George Kimble III,Eastern Kentucky,Vanderbilt Commodores
Tafara Gapare,Maryland,Villanova Wildcats
Ryan Cornish,Dartmouth,USC Trojans
Kezza Giffa,High Point,Ole Miss Rebels
Trey Parker,NC State,Seton Hall Pirates
Chris Johnson,Stephen F. Austin,UCF Knights
Amaree Abram,Louisiana Tech,Tennessee Volunteers
Jaylen Carey,Vanderbilt,Tennessee Volunteers
Ja'Kobi Gillespie,Maryland,Tennessee Volunteers
Reece Potter,Miami (OH),Kentucky Wildcats
Mouhamed Dioubate,Alabama,Kentucky Wildcats
Jayden Quaintance,Arizona State,Kentucky Wildcats
Jaland Lowe,Pittsburgh,Kentucky Wildcats
Kam Williams,Tulane,Kentucky Wildcats
Denzel Aberdeen,Florida,Kentucky Wildcats
Nick Pringle,South Carolina,Arkansas Razorbacks
Malique Ewin,Florida State,Arkansas Razorbacks
Cade Tyson,North Carolina,Minnesota Golden Gophers
Anthony Johnson,University of the Cumberlands,Arizona State Sun Devils
Ven-Allen Lubin,North Carolina,NC State Wolfpack
Brandon Walker,Montana State,Mississippi State Bulldogs
Tyon Grant-Foster,Grand Canyon University,Gonzaga University Bulldogs
Joey Matteoni,Drake,Iowa Hawkeyes
Paul Djobet,Miami,UAB Blazers
Pop Isaacs,Creighton,Texas A&M Aggies
PJ Haggerty,Memphis,Kansas State Wildcats
Rakease Passmore,Kansas,Maryland Terrapins
Darrion Williams,Texas Tech,NC State Wolfpack
Bryce Heard,NC State,Dayton Flyers
Rashaun Agee,USC,Texas A&M Aggies
Marcus Johnson,Bowling Green,Kansas State Wildcats
Casmir Chavis,Arkansas,The University of Texas at Arlington Mavericks
Devan Cambridge,Texas Tech,UCF Knights
Zarique Nutter,Georgia State,Fordham Rams
Boogie Fland,Arkansas,Florida Gators
Curtis Givens,LSU,Memphis Tigers
Chas Kelley,Boston College,Georgia Tech Yellow Jackets
Alfred Worrell,Southern Miss,Morgan State Bears
Divine Ugochukwu,Miami,Michigan State Spartans
Baba Miller,Florida Atlantic,Cincinnati Bearcats
Mier Panoam,North Dakota,Xavier Musketeers
Assane Diop,Colorado,San Diego Toreros
Kanaan Carlyle,Indiana,Florida Atlantic Owls
Christian Nitu,Florida State,Washington Huskies
Vasean Allette,TCU,UTSA Roadrunners
Jeremiah Williams,Rutgers,Georgetown Hoyas
Collin Metcalf,Northeastern,Maryland Terrapins
Duke Miles,Oklahoma,Vanderbilt Commodores
Jacob Dar,Rice,Seton Hall Pirates
Malik Thomas,University of San Francisco,Virginia Cavaliers
Phat Phat Brooks,Michigan,Central Michigan Chippewas
Chance Stephens,Maryland,Minnesota Golden Gophers
Mister Dean,University of South Carolina Upstate,College of Charleston Cougars
Malik Presley,Texas,George Mason Patriots
Kris Parker,Villanova,UCF Knights
Tarence Guinyard,UT Martin,Duquesne Dukes
Nate Pickens,University of California Riverside,BYU Cougars
Sebastian Akins,Denver University,Wake Forest Demon Deacons
Sean Stewart,Ohio State,Oregon Ducks
JaVaughn Hannah,Western Michigan,San Jose State Spartans
James Scott,Louisville,Ole Miss Rebels
Joshua Ojianwuna,Baylor,Ohio State Buckeyes
Zawdie Jackson,New Mexico State,FIU Golden Panthers
Iffy Ufochukwu,Rice,Duke Blue Devils
Daniel Egbuniwe,Tennessee Tech,St. Bonaventure University Bonnies
Elijah Fisher,Pacific,Seton Hall Pirates
Devin Williams,UCLA,Florida Atlantic Owls
Chris Walker,Binghamton University,Illinois Chicago Flames
Travis Gray,FIU,Wagner Seahawks
Quaran McPherson,Northern Illinois,UAB Blazers
Jordan Crawford,Eastern Kentucky,South Dakota Coyotes
Ubongabasi Etim,Central Arkansas,Southeastern Louisiana Lions
Jayden Stone,West Virginia,Missouri Tigers
Travis Perry,Kentucky,Ole Miss Rebels
Jordan Marsh,University of North Carolina Asheville,USC Trojans
Morris Ugusuk,South Carolina,West Virginia Mountaineers
Derin Saran,Stanford,University of California Irvine Anteaters
Jamal West,Nicholls State,UTEP Miners
Babacar Faye,Western Kentucky,Utah Utes
Chris Riddle,DePaul,Toledo Rockets
Lamar Washington,Pacific,Georgia Tech Yellow Jackets
Marcus Randolph,Saint Peter's,La Salle Explorers
Hasan Abdul-Hakim,The University of Texas Rio Grande Valley,Memphis Tigers
Tyler Betsey,Cincinnati,Syracuse Orange
Rylan Griffen,Kansas,Texas A&M Aggies
Alex Chaikin,Lafayette,University of California San Diego Tritons
Adam Miller,Arizona State,Gonzaga University Bulldogs
Austin Herro,South Carolina,St. Thomas Tommies
PJ Carter,Memphis,LSU Tigers
Federiko Federiko,Texas Tech,Texas A&M Aggies
Dominick Harris,UCLA,Loyola (Chi) Ramblers
Jackson Fields,Troy,West Virginia Mountaineers
Carmelo Pacheco,Mount St. Mary's,UCF Knights
Pablo Tamba,UC Davis,LSU Tigers
Ugonna Onyenso,Kansas State,Virginia Cavaliers
Keitenn Bristow,Tarleton State,Alabama Crimson Tide
Dior Johnson,UCF,Tarleton State Texans
Jailen Bedford,UNLV,Virginia Tech Hokies
AJ Staton-McCray,Miami,Seton Hall Pirates
Aidan Mahaney,Connecticut,University of California Santa Barbara Gauchos
Mikey Williams,UCF,Sacramento State Hornets
Vincent Iwuchukwu,St. John's,Georgetown Hoyas
Handje Tamba,Milligan University,St. John's Red Storm
Jace Howard,Michigan,Fordham Rams
KC Ibekwe,Washington,Pacific Tigers
Josh Harris,North Florida,Indiana Hoosiers
Jalen Shelley,USC,Loyola Marymount Lions
Braxton Bayless,Western Kentucky,Arkansas Little Rock Trojans
Jamie Vinson,Texas,Texas A&M Aggies
Derrion Reid,Alabama,Oklahoma Sooners
Don McHenry,Western Kentucky,Utah Utes
Jordan Ross,Saint Mary's College of California,Georgia Bulldogs
Smurf Millender,UTSA,Georgia Bulldogs
Joshua Ola-Joseph,California,Loyola (Chi) Ramblers
Augusto Cassia,Butler,Ole Miss Rebels
Chad Baker-Mazara,Auburn,USC Trojans
Marcus Hill,NC State,Texas A&M Aggies
Blake Harper,Howard,Creighton Bluejays
Jordyn Kee,Georgia,Miami Hurricanes
Tyler Harris,Washington,Vanderbilt Commodores
Dominick Nelson,Utah Valley University,Iowa State Cyclones
Amar'e Marshall,Albany,St. Bonaventure University Bonnies
Christian Coleman,UAB,Oklahoma State Cowboys
Seydou Traore,Iowa,Utah Utes
Nana Owusu-Anane,Brown,Grand Canyon University Antelopes
Arrinten Page,Cincinnati,Northwestern Wildcats
Nordin Kapic,University of California San Diego,South Carolina Gamecocks
Jerry Deng,Florida State,NC State Wolfpack
Kennard Davis,Southern Illinois,BYU Cougars
Ishan Sharma,Virginia,Saint Louis Billikens
Isaac Williams,Texas A & M University Corpus Christi,Baylor Bears
Elijah Crawford,BYU,Illinois Chicago Flames
Terrance Arceneaux,Houston,NC State Wolfpack
Jaydon Young,Virginia Tech,North Carolina Tar Heels
Devin Askew,California State University Long Beach,Villanova Wildcats
Jayden Epps,Georgetown,Mississippi State Bulldogs
Dylan Darling,Idaho State,St. John's Red Storm
Malcolm Thomas,Villanova,Dayton Flyers
Dug McDaniel,Kansas State,Memphis Tigers
Sam Alexis,Florida,Indiana Hoosiers
Nick Dorn,Elon,Indiana Hoosiers
Colt Langdon,Butler,NC State Wolfpack
Jared Garcia,Tulsa,Nebraska Cornhuskers
Braeden Carrington,Tulsa,Wisconsin Badgers
Luke Bamgboye,VCU,Texas Tech Red Raiders
BJ Freeman,Arizona State,UCF Knights
Hudson Ward,Penn State,Western Michigan Broncos
Marcus Banks Jr.,University of Maryland Baltimore County,Massachusetts Minutemen
Kimani Hamilton,High Point,UNLV Rebels
Bubu Benjamin,Tarleton State,George Washington University Colonials
Nick Janowski,Nebraska,St. Thomas Tommies
Simeon Wilcher,St. John's,Texas Longhorns
AJ Brown,Ohio,Florida Gators
Chris Bell,Syracuse,California Golden Bears
Marcus Allen,Missouri,Miami Hurricanes
Aaron Bradshaw,Ohio State,Memphis Tigers
Peyton Marshall,Missouri,Georgia Tech Yellow Jackets
Naas Cunningham,Alabama,UNLV Rebels
Tyrell Ward,LSU,VCU Rams
Dillon Mitchell,Cincinnati,St. John's Red Storm
Chris Tadjo,Iowa,Santa Clara University Broncos
Jaiden Glover,St. John's,Saint Joseph's University Hawks
Karris Bilal,Vanderbilt,Louisiana Ragin Cajuns
Jestin Porter,Middle Tennessee State,Clemson Tigers
Jason Drake,Drexel,Indiana Hoosiers
Sam Walters,Michigan,SMU Mustangs
Garwey Dual,Seton Hall,McNeese State Cowboys
AK Okereke,Cornell,Vanderbilt Commodores
Rodney Rice,Maryland,USC Trojans
Scotty Middleton,Seton Hall,Tulane Green Wave
Chance Westry,Syracuse,UAB Blazers
JT Rock,Iowa State,New Mexico Lobos
Anastasios Rozakeas,Florida State,Mount St. Mary's Mountaineers
Dylan Anderson,Boise State,Murray State Racers
Grant Newell,North Texas,Western Kentucky Hilltoppers
Ladji Dembele,Iowa,UNLV Rebels
MJ Collins,Vanderbilt,Utah State Aggies
Xzayvier Brown,Saint Joseph's University,Oklahoma Sooners
Khaman Maker,St. John's,DePaul Blue Demons
Jemel Jones,California State University Bakersfield,New Mexico State Aggies
Ian Jackson,North Carolina,St. John's Red Storm
Duncan Powell,Georgia Tech,Providence Friars
Xaivian Lee,Princeton,Florida Gators
Jalen Celestine,Baylor,Cincinnati Bearcats
Moustapha Thiam,UCF,Cincinnati Bearcats
Emmanuel Ugbo,Boise State,Washington State Cougars
Justyn Fernandez,Providence,Delaware Fightin' Blue Hens
Mike Sharavjamts,Utah,South Carolina Gamecocks
Dennis Parker,NC State,Radford Highlanders
Treysen Eaglestaff,North Dakota,West Virginia Mountaineers
Alvaro Folgueiras,Robert Morris,Iowa Hawkeyes
Nate Johnson,Akron,Kansas State Wildcats
Santiago Trouet,San Diego,Arizona State Sun Devils
Isaiah Elohim,USC,Florida Atlantic Owls
Elyjah Freeman,Lincoln Memorial,Auburn Tigers
Deuce Jones,La Salle,Saint Joseph's University Hawks
Achor Achor,Kansas State,Mississippi State Bulldogs
Chase Forte,South Dakota,Boston College Eagles
Corey Washington,Wichita State,SMU Mustangs
Jahki Howard,Auburn,Utah Utes
Chandler Jackson,Florida State,Arkansas State Red Wolves
Josiah Moseley,Villanova,Texas Tech Red Raiders
Martin Somerville,University of Massachusetts Lowell,Florida State Seminoles
Parsa Fallah,Oregon State,Oklahoma State Cowboys
Bryson Tucker,Indiana,Washington Huskies
Ezra Ausar,Utah,USC Trojans
JaQualon Roberts,Vanderbilt,Davidson Wildcats
Jason Asemota,Baylor,Boston College Eagles
Nate Calmese,Washington State,Wake Forest Demon Deacons
Luke Hunger,Northwestern,George Washington University Colonials
Juan Cranford,Saint Francis (PA),Eastern Kentucky Colonels
Eren Banks,Georgia Southern,Appalachian State Mountaineers
Trey Fort III,Samford,Michigan State Spartans
Adam Njie,Iona,Dayton Flyers
Sincere Parker,McNeese State,Memphis Tigers
Darryl Simmons II,Gardner Webb,St. Bonaventure University Bonnies
Augustinas Kiudulas,Virginia Military Institute,Colorado State Rams
Adante Holiman,Georgia Southern,Arizona State Sun Devils
Jeremy Foumena,Mississippi State,UCF Knights
Duke Brennan,Grand Canyon University,Villanova Wildcats
Chance Moore,St. Bonaventure University,West Virginia Mountaineers
Daniel Freitag,Wisconsin,Buffalo Bulls
Josh Holloway,Samford,Texas A&M Aggies
Mackenzie Mgbako,Indiana,Texas A&M Aggies
Brycen Long,Arizona State,Portland State Vikings
Wes Enis,Lincoln Memorial,USF Bulls
Bryce Lindsay,James Madison,Villanova Wildcats
Dillon Battie,Temple,Wichita State Shockers
Kevin Overton,Texas Tech,Auburn Tigers
Dejour Reaves,Iona,Fordham Rams
Amier Ali,Arizona State,Mississippi State Bulldogs
Barrington Hargess,University of California Riverside,Colorado Buffaloes
Braden Pierce,Maryland,Villanova Wildcats
Isaiah Barnes,Tulsa,Valparaiso Beacons
Owen Aquino,Liberty,High Point Panthers
Zachary Davis,South Carolina,Memphis Tigers
Jalen Quinn,Loyola (Chi),Drake Bulldogs
Oleg Kojenets,Wyoming,Stony Brook Seawolves
Jordan McCullum,Murray State,East Tennessee State Buccaneers
Makhi Myles,UAB,Southeastern Louisiana Lions
Tayton Conerway,Troy,Indiana Hoosiers
Christian King,Washington,Montana State Bobcats
Chris Lockett Jr.,Boise State,Jacksonville Dolphins
Luke McEldon,Santa Clara University,Utah Valley University Wolverines
Bryce Zephir,Montana State,Syracuse Orange
Daimion Collins,LSU,USF Bulls
Jasai Miles,North Florida,Indiana Hoosiers
Melvin Council,St. Bonaventure University,Kansas Jayhawks
Elijah Moore,Syracuse,Utah Utes
Maxim Logue,Oregon State,Florida Atlantic Owls
Nic McClain,Eastern Washington,Belmont University Bruins
Kasen Jennings,USF,Appalachian State Mountaineers
Mekhi Mason,Washington,Wake Forest Demon Deacons
Oziyah Sellers,Stanford,St. John's Red Storm
Dan Skillings Jr.,Cincinnati,Baylor Bears
Kam Craft,Miami (OH),Georgia Tech Yellow Jackets
Josh Reed,Cincinnati,Penn State Nittany Lions
Drayton Jones,South Carolina State,Butler Bulldogs
Lamar Wilkerson,Sam Houston State,Indiana Hoosiers
Koren Johnson,Louisville,Ole Miss Rebels
Jasper Floyd,North Texas,West Virginia Mountaineers
Latrell Davis,San Jose State,San Diego State Aztecs
AJ Storr,Kansas,Ole Miss Rebels
Vincent Brady,Missouri State University,High Point Panthers
KeShawn Murphy,Mississippi State,Auburn Tigers
Brady Dunlap,St. John's,Saint Louis Billikens
Mike James,NC State,Vanderbilt Commodores
Ketron Shaw,Maryland Eastern Shore,Old Dominion Monarchs
Jamichael Stillwell,Wisconsin Milwaukee,UCF Knights
Jordan Derkack,Rutgers,Dayton Flyers
Layne Taylor,Central Arkansas,Murray State Racers
Xander Alarie,Miami,Northeastern Huskies
Sammie Yeanay,Grand Canyon University,California Golden Bears
Jaron Pierre,Jacksonville State,SMU Mustangs
Khamari McGriff,University of North Carolina Wilmington,Kansas State Wildcats
Ahmad Nowell,Connecticut,VCU Rams
Kevin Patton Jr.,USC,New Mexico Lobos
Jalen Hampton,Missouri State University,Arkansas State Red Wolves
Guillermo Diaz Graham,Pittsburgh,University of San Francisco Dons
Julius Thedford,Western Kentucky,Memphis Tigers
Austin Parks,Ohio State,Toledo Rockets
John Bol,Ole Miss,UCF Knights
Zion Stanford,Temple,Villanova Wildcats
Asa Thomas,Clemson,Furman Paladins
Javon Jackson,Illinois Chicago,Murray State Racers
Masai Troutman,Northeastern,George Mason Patriots
Nakyel Shelton,Indiana State,Loyola Marymount Lions
Jake Wahlin,Utah,Clemson Tigers
Gavin Walsh,Binghamton University,University of North Carolina Wilmington Seahawks
Caden Powell,Rice,Baylor Bears
Brendan Hausen,Kansas State,Iowa Hawkeyes
Damarco Minor,Oregon State,Pittsburgh Panthers
Tre Dinkins,Duquesne,George Washington University Colonials
Jalen Pitre,Sacramento State,Tennessee State Tigers
Lassina Traore,Xavier,Texas Longhorns
Chansey Willis Jr.,Western Michigan,Minnesota Golden Gophers
Izaiah Pasha,Delaware,Virginia Tech Hokies
Kayde Dotson,New Mexico,Loyola (Chi) Ramblers
Noah Boyde,LSU,Western Kentucky Hilltoppers
Deywilk Tavarez,College of Charleston,Loyola (Chi) Ramblers
Matt Reed,Tulsa,Iona Gaels
Efrem Johnson,UAB,Clemson Tigers
Jarin Stevenson,Alabama,North Carolina Tar Heels
Kanon Catchings,BYU,Georgia Bulldogs
Zach Clemence,Kansas,Texas A&M Aggies
DJ Jefferson,Longwood,Gardner Webb Runnin' Bulldogs
Xavier Amos,Wisconsin,Loyola (Chi) Ramblers
Keeyan Itejere,Northern Kentucky,Rhode Island Rams
Blake Barkley,Northwestern,East Tennessee State Buccaneers
Langston Reynolds,Northern Colorado,Minnesota Golden Gophers
Al Green,Louisiana Tech,UNLV Rebels
De'Shayne Montgomery,Georgia,Dayton Flyers
Shawn Phillips,Arizona State,Missouri Tigers
Austin Swartz,Miami,Creighton Bluejays
Elijah Strong,Boston College,South Carolina Gamecocks
Tre Holloman,Michigan State,NC State Wolfpack
Carson Towt,Northern Arizona,Notre Dame Fighting Irish
Donovan Atwell,UNC Greensboro,Texas Tech Red Raiders
John Camden,Delaware,California Golden Bears
Patrick Wessler,Virginia Tech,University of North Carolina Wilmington Seahawks
Bryson Cokley,George Mason,Elon Phoenix
Juslin Bodo Bodo,High Point,Baylor Bears
Jalen Haynes,George Mason,Cincinnati Bearcats
Themus Fulks,Wisconsin Milwaukee,UCF Knights
LeJuan Watts,Washington State,Texas Tech Red Raiders
James Okonkwo,Akron,Utah Utes
Gabriel Pozzato,Evansville,Xavier Musketeers
Boden Kapke,Butler,Boston College Eagles
Brandon Rechsteiner,Virginia Tech,Colorado State Rams
Bryce Ford,Toledo,Arizona State Sun Devils
Gabe Dynes,Youngstown State,USC Trojans
Ashton Hardaway,Saint Mary's College of California,Memphis Tigers
TJ Simpkins,Elon,Seton Hall Pirates
Jacari Lane,North Alabama,Texas A&M Aggies
Jordan Burks,Georgetown,UCF Knights
Max Green,Holy Cross,Northwestern Wildcats
Malik Moore,Montana,Xavier Musketeers
Honor Huff,Chattanooga,West Virginia Mountaineers
Isaiah Johnson-Arigu,Iowa,St. Thomas Tommies
TJ Power,Virginia,Pennsylvania Quakers
Tre Carroll,Florida Atlantic,Xavier Musketeers
Elijah Saunders,Virginia,Maryland Terrapins
Isaiah Watts,Washington State,Maryland Terrapins
Barry Dunning,South Alabama,Pittsburgh Panthers
Jaden Brownell,Samford,USC Trojans
Harlan Obioha,University of North Carolina Wilmington,West Virginia Mountaineers
Aday Mara,UCLA,Michigan Wolverines
Dra Gibbs-Lawhorn,Illinois,UNLV Rebels
Rodney Brown,Virginia Tech,Loyola Marymount Lions
Xavier Brown,James Madison,USF Bulls
Justin Bailey,Wofford,Georgia Bulldogs
John Hugley,Xavier,Duquesne Dukes
Brandon Maclin,Radford,DePaul Blue Demons
Evan Nelson,Harvard,Arizona Wildcats
Rob Wright,Baylor,BYU Cougars
Wesley Yates,USC,Washington Huskies
RJ Johnson,Charleston Southern,Rhode Island Rams
Frankie Collins,TCU,Vanderbilt Commodores
George Turkson,Texas A&M,Maryland Terrapins
Kaleb Glenn,Florida Atlantic,Michigan State Spartans
Kyan Evans,Colorado State,North Carolina Tar Heels
Dallin Hall,BYU,Virginia Cavaliers
TK Simpkins,Elon,Oregon Ducks
Tru Washington,New Mexico,Miami Hurricanes
Tyeree Bryan,Santa Clara University,Texas Tech Red Raiders
Drew Fielder,Georgetown,Boise State Broncos
Robert Vaihola,San Jose State,Minnesota Golden Gophers
Kendall Blue,St. Thomas,Nebraska Cornhuskers
RJ Smith,Colorado,DePaul Blue Demons
Andre Mills,Texas A&M,Maryland Terrapins
Martin Carrere,VCU,Virginia Cavaliers
Quincy Ballard,Wichita State,Mississippi State Bulldogs
Will Cooper,Air Force,Nebraska Cornhuskers
Pape N'Diaye,UNLV,Xavier Musketeers
Austin Nunez,Arizona State,UTSA Roadrunners
Jerome Brewer,McNeese State,La Salle Explorers
Brandon Noel,Wright State,Ohio State Buckeyes
Justin Pippen,Michigan,California Golden Bears
David Coit,Kansas,Maryland Terrapins
Brenen Lorient,North Texas,West Virginia Mountaineers
Jamarques Lawrence,Rhode Island,Nebraska Cornhuskers
Micah Smith,Georgia Southern,West Georgia Wolves
Alex Steen,Florida Southern,Florida State Seminoles
Del Jones,Clemson,Radford Highlanders
Bobby Durkin,Davidson,Minnesota Golden Gophers
Nijel Pack,Miami,Oklahoma Sooners
Ja'Borri McGhee,UAB,Mississippi State Bulldogs
Abdi Bashir Jr.,Monmouth College,Kansas State Wildcats
Malachi Palmer,Maryland,Villanova Wildcats
Myles Colvin,Purdue,Wake Forest Demon Deacons
Nojus Indrusaitis,Iowa State,Pittsburgh Panthers
Tyren Moore,UAB,Georgia Southern Eagles
Michael Ajayi,Gonzaga University,Butler Bulldogs
Tae Davis,Notre Dame,Oklahoma Sooners
Sebastian Mack,UCLA,Missouri Tigers
Vyctorius Miller,LSU,Oklahoma State Cowboys
Nick Boyd,San Diego State,Wisconsin Badgers
Matas Vokietaitis,Florida Atlantic,Texas Longhorns
KJ Lewis,Arizona,Georgetown Hoyas
Corey Chest,LSU,Ole Miss Rebels
DeShawn Harris-Smith,Maryland,Georgetown Hoyas
Sencire Harris,West Virginia,Cincinnati Bearcats
Luke Northweather,Oklahoma,Missouri Tigers
Ibrahim Souare,Georgia Tech,Syracuse Orange
Kerr Kriisa,Kentucky,Cincinnati Bearcats
Quante Berry,Temple,Memphis Tigers
Chris Howell,University of California San Diego,New Mexico Lobos
Allen Mukeba,Oakland,Arizona State Sun Devils
Isaiah Abraham,Connecticut,Georgetown Hoyas
Jacari White,North Dakota State,Virginia Cavaliers
Jacob Ognacevic,Lipscomb,Washington Huskies
Jalil Bethea,Miami,Alabama Crimson Tide
Reed Bailey,Davidson,Indiana Hoosiers
Jayden Pierre,Providence,TCU Horned Frogs
Myles Rice,Indiana,Maryland Terrapins
Marquel Sutton,University of Nebraska at Omaha,LSU Tigers
Emmanuel Stephen,Arizona,UNLV Rebels
Ugnius Jarusevicius,Central Michigan,Nebraska Cornhuskers
Amarion Dickerson,Robert Morris,USC Trojans
Amani Hansberry,West Virginia,Virginia Tech Hokies
Sam Lewis,Toledo,Virginia Cavaliers
Jacob Cofie,Virginia,USC Trojans
Solomon Washington,Texas A&M,Maryland Terrapins
Tre White,Illinois,Kansas Jayhawks
Anthony Roy,Wisconsin Green Bay,Oklahoma State Cowboys
Riley Kugel,Mississippi State,UCF Knights
Jovan Milicevic,New Mexico,Xavier Musketeers
Yaxel Lendeborg,UAB,Michigan Wolverines
Dishon Jackson,Iowa State,Pittsburgh Panthers
Jaylin Sellers,UCF,Providence Friars
Tavion Banks,Drake,Iowa Hawkeyes
Austin Rapp,Portland,Wisconsin Badgers
Mason Nicholson,Jacksonville State,Vanderbilt Commodores
Jalen Washington,North Carolina,Vanderbilt Commodores
Xavier Booker,Michigan State,UCLA Bruins
Jayden Dawson,Loyola (Chi),Kansas Jayhawks
Isaiah Coleman,Seton Hall,Oklahoma State Cowboys
Camden Heide,Purdue,Texas Longhorns
Pharrel Payne,Texas A&M,Maryland Terrapins
Anthony Robinson,Virginia,Xavier Musketeers
Quadir Copeland,McNeese State,NC State Wolfpack
Henri Veesaar,Arizona,North Carolina Tar Heels
Mookie Cook,Oregon,University of San Francisco Dons
Keaton Norris,Wright State,Lipscomb Bisons
Nait George,Georgia Tech,Syracuse Orange
Terrence Brown,Fairleigh Dickinson,Utah Utes
Ernest Udeh Jr.,TCU,Miami Hurricanes
Jamar Brown,Missouri Kansas City,UCLA Bruins
Kanye Clary,Mississippi State,Oklahoma State Cowboys
Taylor Bol Bowen,Florida State,Alabama Crimson Tide
Brian Moore Jr.,Norfolk State,Grand Canyon University Antelopes
Pryce Sandfort,Iowa,Nebraska Cornhuskers
Josh Pascarelli,Marist,Colorado State Rams
Barry Evans,Bryant University,VCU Rams
RJ Godfrey,Georgia,Clemson Tigers
Josh Dix,Iowa,Creighton Bluejays
Carter Welling,Utah Valley University,Clemson Tigers
Jason Edwards,Vanderbilt,Providence Friars
Jakai Newton,Indiana,Georgia State Panthers
Elijah Price,Fresno State,Nevada Wolf Pack
Robert McCray,Jacksonville,Florida State Seminoles
Trey Green,Xavier,Saint Louis Billikens
Dion Brown,Boston College,Saint Louis Billikens
Max Mackinnon,Portland,LSU Tigers
Colby Duggan,Campbell,College of Charleston Cougars
Ben Shtolzberg,University of California Santa Barbara,Murray State Racers
Isaia Howard,Drake,Iowa Hawkeyes
Andrew Rohde,Virginia,Wisconsin Badgers
Christian May,Towson,University of North Carolina Wilmington Seahawks
Jase Butler,Washington,Colorado State Rams
Jermahri Hill,Ball State,George Mason Patriots
Jayden Reid,USF,Northwestern Wildcats
Christoph Tilly,Santa Clara University,Ohio State Buckeyes
Quimari Peterson,East Tennessee State,Washington Huskies
Tre Donaldson,Michigan,Miami Hurricanes
JJ White,University of Nebraska at Omaha,Baylor Bears
Isaac McKneely,Virginia,Louisville Cardinals
All Wright,Valparaiso,Xavier Musketeers
Jeremiah Wilkinson,California,Georgia Bulldogs
Jaden Henley,UNLV,Grand Canyon University Antelopes
Cam Haffner,Evansville,Western Kentucky Hilltoppers
Callum Richard,East Carolina,Wofford Terriers
Damarion Dennis,Texas A & M University Corpus Christi,Wyoming Cowboys
Louie Semona,Stonehill College,Western Kentucky Hilltoppers
Mari Jordan,Tulane,Radford Highlanders
Dylan Andrews,UCLA,Boise State Broncos
Jack Doumbia,Wright State,Towson Tigers
Landren Blocker,Louisiana Tech,Southeast Missouri State Redhawks
Nate Kingz,Oregon State,Syracuse Orange
Jahnathan Lamothe,North Carolina A&T,University of North Carolina Wilmington Seahawks
Dusty Stromer,Gonzaga University,Grand Canyon University Antelopes
Keyshawn Hall,UCF,Auburn Tigers
Nick Davidson,Nevada,Clemson Tigers
Alyn Breed,McNeese State,NC State Wolfpack
BJ Omot,California,Minnesota Golden Gophers
Tucker DeVries,West Virginia,Indiana Hoosiers
Kaleb Banks,Tulane,DePaul Blue Demons
Kobe Knox,USF,South Carolina Gamecocks
Jerry Ngopot,Louisiana Monroe,Coastal Carolina Chanticleers
Cam Manyawu,Drake,Iowa Hawkeyes
Cooper Schwieger,Valparaiso,Wake Forest Demon Deacons
David Thomas,DePaul,Richmond Spiders
Kyler Vanderjagt,Central Michigan,Toledo Rockets
KJ Tenner,West Virginia,Murray State Racers
Dylan Arnett,Cleveland State University,North Texas Mean Green
Chad Moodie,Alabama A&M,Appalachian State Mountaineers
Sean Newman Jr.,Louisiana Tech,San Diego State Aztecs
Langston Love,Baylor,Georgetown Hoyas
Conor Enright,DePaul,Indiana Hoosiers
Malik Reneau,Indiana,Miami Hurricanes
Fredrick King,Creighton,Murray State Racers
Chauncey Wiggins,Clemson,Florida State Seminoles
Daquan Davis,Florida State,Providence Friars
Adam Clark,Merrimack,Seton Hall Pirates
Toby Harris,Brandeis,Iona Gaels
Rashad King,Northeastern,LSU Tigers
Kael Combs,Drake,Iowa Hawkeyes
Davin Cosby,Wake Forest,Kennesaw State Owls
